TOTO|10/10/2010|E10
TOTO|10/10/2010|E10
TOTO|10/10/2010|E10
TOTO|10/10/2010|E10
TOTO|10/10/2010|E10
TOTO|10/10/2010|E10
TOTO|10/10/2010|E10
TOTO|10/10/2010|E10
TOTO|10/10/2010|E10
TOTO|10/10/2010|E10
TOTO|10/10/2010|E10
TOTO|10/10/2010|E10
TOTO|10/10/2010|E10
TOTO|10/10/2010|E10
TOTO|10/10/2010|E10
TOTO|10/10/2010|E10
TOTO|10/10/2010|E10
TOTO|10/10/2010|E10
TOTO|10/10/2010|E10
TOTO|10/10/2010|E10
TOTO|10/10/2010|E10
TOTO|10/10/2010|E10
TOTO|10/10/2010|E10
TOTO|10/10/2010|E10
TOTO|10/10/2010|E10
TOTO|10/10/2010|E10
TOTO|10/10/2010|E10
TOTO|10/10/2010|E10
TOTO|10/10/2010|E10
TOTO|10/10/2010|E10
TOTO|10/10/2010|E10
TOTO|10/10/2010|E10
TOTO|10/10/2010|E10
TOTO|10/10/2010|E10
TOTO|10/10/2010|E10
TOTO|10/10/2010|E10
TOTO|10/10/2010|E10
TOTO|10/10/2010|E10
TOTO|10/10/2010|E10
TOTO|10/10/2010|E10
TOTO|10/10/2010|E10
TOTO|10/10/2010|E10
TOTO|10/10/2010|E10
TOTO|10/10/2010|E10
TOTO|10/10/2010|E10
TOTO|10/10/2010|E10
TOTO|10/10/2010|E10
TOTO|10/10/2010|E10
TOTO|10/10/2010|E10
TOTO|10/10/2010|E10
TOTO|10/10/2010|E10
TOTO|10/10/2010|E10
TOTO|10/10/2010|E10
TOTO|10/10/2010|E10
TOTO|10/10/2010|E10
TOTO|10/10/2010|E10
TOTO|10/10/2010|E10
TOTO|10/10/2010|E10
TOTO|10/10/2010|E10
TOTO|10/10/2010|E10
TOTO|10/10/2010|E10
TOTO|10/10/2010|E10
TOTO|10/10/2010|E10
TOTO|10/10/2010|E10
TOTO|10/10/2010|E10
TOTO|10/10/2010|E10
TOTO|10/10/2010|E10
TOTO|10/10/2010|E10
TOTO|10/10/2010|E10
TOTO|10/10/2010|E10
TOTO|10/10/2010|E10
TOTO|10/10/2010|E10
TOTO|10/10/2010|E10
TOTO|10/10/2010|E10
TOTO|10/10/2010|E10
TOTO|10/10/2010|E10
TOTO|10/10/2010|E10
TOTO|10/10/2010|E10
TOTO|10/10/2010|E10
TOTO|10/10/2010|E10
TOTO|10/10/2010|E10
TOTO|10/10/2010|E10
TOTO|10/10/2010|E10
TOTO|10/10/2010|E10
TOTO|10/10/2010|E10
TOTO|10/10/2010|E10
TOTO|10/10/2010|E10
TOTO|10/10/2010|E10
TOTO|10/10/2010|E10
TOTO|10/10/2010|E10
TOTO|10/10/2010|E10
TOTO|10/10/2010|E10
TOTO|10/10/2010|E10
TOTO|10/10/2010|E10
TOTO|10/10/2010|E10
TOTO|10/10/2010|E10
TOTO|10/10/2010|E10
TOTO|10/10/2010|E10
TOTO|10/10/2010|E10
TOTO|10/10/2010|E10
TOTO|10/10/2010|E10
TOTO|10/10/2010|E10
TOTO|10/10/2010|E10
TOTO|10/10/2010|E10
TOTO|10/10/2010|E10
TOTO|10/10/2010|E10
TOTO|10/10/2010|E10
TOTO|10/10/2010|E10
TOTO|10/10/2010|E10
TOTO|10/10/2010|E10
TOTO|10/10/2010|E10
TOTO|10/10/2010|E10
TOTO|10/10/2010|E10
TOTO|10/10/2010|E10
TOTO|10/10/2010|E10
TOTO|10/10/2010|E10
TOTO|10/10/2010|E10
TOTO|10/10/2010|E10
TOTO|10/10/2010|E10
TOTO|10/10/2010|E10
TOTO|10/10/2010|E10
TOTO|10/10/2010|E10
TOTO|10/10/2010|E10
TOTO|10/10/2010|E10
TOTO|10/10/2010|E10
TOTO|10/10/2010|E10
TOTO|10/10/2010|E10
TOTO|10/10/2010|E10
TOTO|10/10/2010|E10
TOTO|10/10/2010|E10
TOTO|10/10/2010|E10
TOTO|10/10/2010|E10
TOTO|10/10/2010|E10
TOTO|10/10/2010|E10
TOTO|10/10/2010|E10
TOTO|10/10/2010|E10
TOTO|10/10/2010|E10
TOTO|10/10/2010|E10
TOTO|10/10/2010|E10
TOTO|10/10/2010|E10
TOTO|10/10/2010|E10
TOTO|10/10/2010|E10
TOTO|10/10/2010|E10
TOTO|10/10/2010|E10
TOTO|10/10/2010|E10
TOTO|10/10/2010|E10
TOTO|10/10/2010|E10
TOTO|10/10/2010|E10
TOTO|10/10/2010|E10
TOTO|10/10/2010|E10
TOTO|10/10/2010|E10
TOTO|10/10/2010|E10
TOTO|10/10/2010|E10
TOTO|10/10/2010|E10
TOTO|10/10/2010|E10
TOTO|10/10/2010|E10
TOTO|10/10/2010|E10
TOTO|10/10/2010|E10
TOTO|10/10/2010|E10
TOTO|10/10/2010|E10
TOTO|10/10/2010|E10
TOTO|10/10/2010|E10
TOTO|10/10/2010|E10
TOTO|10/10/2010|E10
TOTO|10/10/2010|E10
TOTO|10/10/2010|E10
TOTO|10/10/2010|E10
TOTO|10/10/2010|E10
TOTO|10/10/2010|E10
TOTO|10/10/2010|E10
TOTO|10/10/2010|E10
TOTO|10/10/2010|E10
TOTO|10/10/2010|E10
TOTO|10/10/2010|E10
TOTO|10/10/2010|E10
TOTO|10/10/2010|E10
TOTO|10/10/2010|E10
TOTO|10/10/2010|E10
TOTO|10/10/2010|E10
TOTO|10/10/2010|E10
TOTO|10/10/2010|E10
TOTO|10/10/2010|E10
TOTO|10/10/2010|E10
TOTO|10/10/2010|E10
TOTO|10/10/2010|E10
TOTO|10/10/2010|E10
TOTO|10/10/2010|E10
TOTO|10/10/2010|E10
TOTO|10/10/2010|E10
TOTO|10/10/2010|E10
TOTO|10/10/2010|E10
TOTO|10/10/2010|E10
TOTO|10/10/2010|E10
TOTO|10/10/2010|E10
TOTO|10/10/2010|E10
TOTO|10/10/2010|E10
TOTO|10/10/2010|E10
TOTO|10/10/2010|E10
TOTO|10/10/2010|E10
TOTO|10/10/2010|E10
TOTO|10/10/2010|E10
TOTO|10/10/2010|E10
TOTO|10/10/2010|E10
TOTO|10/10/2010|E10
TOTO|10/10/2010|E10
TOTO|10/10/2010|E10
TOTO|10/10/2010|E10
TOTO|10/10/2010|E10
TOTO|10/10/2010|E10
TOTO|10/10/2010|E10
TOTO|10/10/2010|E10
TOTO|10/10/2010|E10
TOTO|10/10/2010|E10
TOTO|10/10/2010|E10
TOTO|10/10/2010|E10
TOTO|10/10/2010|E10
TOTO|10/10/2010|E10
TOTO|10/10/2010|E10
TOTO|10/10/2010|E10
TOTO|10/10/2010|E10
TOTO|10/10/2010|E10
TOTO|10/10/2010|E10
TOTO|10/10/2010|E10
TOTO|10/10/2010|E10
TOTO|10/10/2010|E10
TOTO|10/10/2010|E10
TOTO|10/10/2010|E10
TOTO|10/10/2010|E10
TOTO|10/10/2010|E10
TOTO|10/10/2010|E10
TOTO|10/10/2010|E10
TOTO|10/10/2010|E10
TOTO|10/10/2010|E10
TOTO|10/10/2010|E10
TOTO|10/10/2010|E10
TOTO|10/10/2010|E10
TOTO|10/10/2010|E10
TOTO|10/10/2010|E10
TOTO|10/10/2010|E10
TOTO|10/10/2010|E10
TOTO|10/10/2010|E10
TOTO|10/10/2010|E10
TOTO|10/10/2010|E10
TOTO|10/10/2010|E10
TOTO|10/10/2010|E10
TOTO|10/10/2010|E10
TOTO|10/10/2010|E10
TOTO|10/10/2010|E10
TOTO|10/10/2010|E10
TOTO|10/10/2010|E10
TOTO|10/10/2010|E10
TOTO|10/10/2010|E10
TOTO|10/10/2010|E10
TOTO|10/10/2010|E10
TOTO|10/10/2010|E10
TOTO|10/10/2010|E10
TOTO|10/10/2010|E10
TOTO|10/10/2010|E10
TOTO|10/10/2010|E10
TOTO|10/10/2010|E10
TOTO|10/10/2010|E10
TOTO|10/10/2010|E10
TOTO|10/10/2010|E10
TOTO|10/10/2010|E10
TOTO|10/10/2010|E10
TOTO|10/10/2010|E10
TOTO|10/10/2010|E10
TOTO|10/10/2010|E10
TOTO|10/10/2010|E10
TOTO|10/10/2010|E10
TOTO|10/10/2010|E10
TOTO|10/10/2010|E10
TOTO|10/10/2010|E10
TOTO|10/10/2010|E10
TOTO|10/10/2010|E10
TOTO|10/10/2010|E10
TOTO|10/10/2010|E10
TOTO|10/10/2010|E10
TOTO|10/10/2010|E10
TOTO|10/10/2010|E10
TOTO|10/10/2010|E10
TOTO|10/10/2010|E10
TOTO|10/10/2010|E10
TOTO|10/10/2010|E10
TOTO|10/10/2010|E10
TOTO|10/10/2010|E10
TOTO|10/10/2010|E10
TOTO|10/10/2010|E10
TOTO|10/10/2010|E10
TOTO|10/10/2010|E10
TOTO|10/10/2010|E10
TOTO|10/10/2010|E10
TOTO|10/10/2010|E10
TOTO|10/10/2010|E10
TOTO|10/10/2010|E10
TOTO|10/10/2010|E10
TOTO|10/10/2010|E10
TOTO|10/10/2010|E10
TOTO|10/10/2010|E10
TOTO|10/10/2010|E10
TOTO|10/10/2010|E10
TOTO|10/10/2010|E10
TOTO|10/10/2010|E10
TOTO|10/10/2010|E10
TOTO|10/10/2010|E10
TOTO|10/10/2010|E10
TOTO|10/10/2010|E10
TOTO|10/10/2010|E10
TOTO|10/10/2010|E10
TOTO|10/10/2010|E10
TOTO|10/10/2010|E10
TOTO|10/10/2010|E10
TOTO|10/10/2010|E10
TOTO|10/10/2010|E10
TOTO|10/10/2010|E10
TOTO|10/10/2010|E10
TOTO|10/10/2010|E10
TOTO|10/10/2010|E10
TOTO|10/10/2010|E10
TOTO|10/10/2010|E10
TOTO|10/10/2010|E10
TOTO|10/10/2010|E10
TOTO|10/10/2010|E10
TOTO|10/10/2010|E10
TOTO|10/10/2010|E10
TOTO|10/10/2010|E10
TOTO|10/10/2010|E10
TOTO|10/10/2010|E10
TOTO|10/10/2010|E10
TOTO|10/10/2010|E10
TOTO|10/10/2010|E10
TOTO|10/10/2010|E10
TOTO|10/10/2010|E10
TOTO|10/10/2010|E10
TOTO|10/10/2010|E10
TOTO|10/10/2010|E10
TOTO|10/10/2010|E10
TOTO|10/10/2010|E10
TOTO|10/10/2010|E10
TOTO|10/10/2010|E10
TOTO|10/10/2010|E10
TOTO|10/10/2010|E10
TOTO|10/10/2010|E10
TOTO|10/10/2010|E10
TOTO|10/10/2010|E10
TOTO|10/10/2010|E10
TOTO|10/10/2010|E10
TOTO|10/10/2010|E10
TOTO|10/10/2010|E10
TOTO|10/10/2010|E10
TOTO|10/10/2010|E10
TOTO|10/10/2010|E10
TOTO|10/10/2010|E10
TOTO|10/10/2010|E10
TOTO|10/10/2010|E10
TOTO|10/10/2010|E10
TOTO|10/10/2010|E10
TOTO|10/10/2010|E10
TOTO|10/10/2010|E10
TOTO|10/10/2010|E10
TOTO|10/10/2010|E10
TOTO|10/10/2010|E10
TOTO|10/10/2010|E10
TOTO|10/10/2010|E10
TOTO|10/10/2010|E10
TOTO|10/10/2010|E10
TOTO|10/10/2010|E10
TOTO|10/10/2010|E10
TOTO|10/10/2010|E10
TOTO|10/10/2010|E10
TOTO|10/10/2010|E10
TOTO|10/10/2010|E10
TOTO|10/10/2010|E10
TOTO|10/10/2010|E10
TOTO|10/10/2010|E10
TOTO|10/10/2010|E10
TOTO|10/10/2010|E10
TOTO|10/10/2010|E10
TOTO|10/10/2010|E10
TOTO|10/10/2010|E10
TOTO|10/10/2010|E10
TOTO|10/10/2010|E10
TOTO|10/10/2010|E10
TOTO|10/10/2010|E10
TOTO|10/10/2010|E10
TOTO|10/10/2010|E10
TOTO|10/10/2010|E10
TOTO|10/10/2010|E10
TOTO|10/10/2010|E10
TOTO|10/10/2010|E10
TOTO|10/10/2010|E10
TOTO|10/10/2010|E10
TOTO|10/10/2010|E10
TOTO|10/10/2010|E10
TOTO|10/10/2010|E10
TOTO|10/10/2010|E10
TOTO|10/10/2010|E10
TOTO|10/10/2010|E10
TOTO|10/10/2010|E10
TOTO|10/10/2010|E10
TOTO|10/10/2010|E10
TOTO|10/10/2010|E10
TOTO|10/10/2010|E10
TOTO|10/10/2010|E10
TOTO|10/10/2010|E10
TOTO|10/10/2010|E10
TOTO|10/10/2010|E10
TOTO|10/10/2010|E10
TOTO|10/10/2010|E10
TOTO|10/10/2010|E10
TOTO|10/10/2010|E10
TOTO|10/10/2010|E10
TOTO|10/10/2010|E10
TOTO|10/10/2010|E10
TOTO|10/10/2010|E10
TOTO|10/10/2010|E10
TOTO|10/10/2010|E10
TOTO|10/10/2010|E10
TOTO|10/10/2010|E10
TOTO|10/10/2010|E10
TOTO|10/10/2010|E10
TOTO|10/10/2010|E10
TOTO|10/10/2010|E10
TOTO|10/10/2010|E10
TOTO|10/10/2010|E10
TOTO|10/10/2010|E10
TOTO|10/10/2010|E10
TOTO|10/10/2010|E10
TOTO|10/10/2010|E10
TOTO|10/10/2010|E10
TOTO|10/10/2010|E10
TOTO|10/10/2010|E10
TOTO|10/10/2010|E10
TOTO|10/10/2010|E10
TOTO|10/10/2010|E10
TOTO|10/10/2010|E10
TOTO|10/10/2010|E10
TOTO|10/10/2010|E10
TOTO|10/10/2010|E10
TOTO|10/10/2010|E10
TOTO|10/10/2010|E10
TOTO|10/10/2010|E10
TOTO|10/10/2010|E10
TOTO|10/10/2010|E10
TOTO|10/10/2010|E10
TOTO|10/10/2010|E10
TOTO|10/10/2010|E10
TOTO|10/10/2010|E10
TOTO|10/10/2010|E10
TOTO|10/10/2010|E10
TOTO|10/10/2010|E10
TOTO|10/10/2010|E10
TOTO|10/10/2010|E10
TOTO|10/10/2010|E10
TOTO|10/10/2010|E10
TOTO|10/10/2010|E10